Prevotella_copri_gi_260447132_ref_NZ_	NODE_412_length_25646_cov_3.59818_ID_823	NODE_30489_length_639_cov_46.774_ID_60977
Prevotella_copri_gi_260447129_ref_NZ_	NODE_58_length_74266_cov_4.70445_ID_115	NODE_167_length_45577_cov_5.86888_ID_333	NODE_231_length_36845_cov_7.91201_ID_461	NODE_231_length_36845_cov_7.91201_ID_461	NODE_231_length_36845_cov_7.91201_ID_461	NODE_231_length_36845_cov_7.91201_ID_461	NODE_231_length_36845_cov_7.91201_ID_461	NODE_1815_length_7279_cov_13.3227_ID_3629	NODE_1815_length_7279_cov_13.3227_ID_3629	NODE_1974_length_6773_cov_10.1265_ID_3947	NODE_1974_length_6773_cov_10.1265_ID_3947	NODE_1974_length_6773_cov_10.1265_ID_3947	NODE_1974_length_6773_cov_10.1265_ID_3947
Prevotella_copri_gi_260447133_ref_NZ_	NODE_1094_length_11252_cov_3.49049_ID_2187
